Workbook

Sheet german_credit_original
A1: Status | B1: Duration | C1: CreditHistory | D1: Purpose | E1: Amount | F1: Savings | G1: Employment | H1: InstallmentRate | I1: PersonalStatus | J1: OtherDebtors | K1: ResidenceTime | L1: Property | M1: Age | N1: OtherInstallmentPlans | O1: Housing | P1: ExistingCredits | Q1: Job | R1: Dependents | S1: Telephone | T1: ForeignWorker | U1: CreditRisk
A2: A11 | B2: 6 | C2: A34 | D2: A43 | E2: 1169 | F2: A65 | G2: A75 | H2: 4 | I2: A93 | J2: A101 | K2: 4 | L2: A121 | M2: 67 | N2: A143 | O2: A152 | P2: 2 | Q2: A173 | R2: 1 | S2: A192 | T2: A201 | U2: Good
A3: A12 | B3: 48 | C3: A32 | D3: A43 | E3: 5951 | F3: A61 | G3: A73 | H3: 2 | I3: A92 | J3: A101 | K3: 2 | L3: A121 | M3: 22 | N3: A143 | O3: A152 | P3: 1 | Q3: A173 | R3: 1 | S3: A191 | T3: A201 | U3: Bad
A4: A14 | B4: 12 | C4: A34 | D4: A46 | E4: 2096 | F4: A61 | G4: A74 | H4: 2 | I4: A93 | J4: A101 | K4: 3 | L4: A121 | M4: 49 | N4: A143 | O4: A152 | P4: 1 | Q4: A172 | R4: 2 | S4: A191 | T4: A201 | U4: Good
A5: A11 | B5: 42 | C5: A32 | D5: A42 | E5: 7882 | F5: A61 | G5: A74 | H5: 2 | I5: A93 | J5: A103 | K5: 4 | L5: A122 | M5: 45 | N5: A143 | O5: A153 | P5: 1 | Q5: A173 | R5: 2 | S5: A191 | T5: A201 | U5: Good
A6: A11 | B6: 24 | C6: A33 | D6: A40 | E6: 4870 | F6: A61 | G6: A73 | H6: 3 | I6: A93 | J6: A101 | K6: 4 | L6: A124 | M6: 53 | N6: A143 | O6: A153 | P6: 2 | Q6: A173 | R6: 2 | S6: A191 | T6: A201 | U6: Bad
A7: A14 | B7: 36 | C7: A32 | D7: A46 | E7: 9055 | F7: A65 | G7: A73 | H7: 2 | I7: A93 | J7: A101 | K7: 4 | L7: A124 | M7: 35 | N7: A143 | O7: A153 | P7: 1 | Q7: A172 | R7: 2 | S7: A192 | T7: A201 | U7: Good
A8: A14 | B8: 24 | C8: A32 | D8: A42 | E8: 2835 | F8: A63 | G8: A75 | H8: 3 | I8: A93 | J8: A101 | K8: 4 | L8: A122 | M8: 53 | N8: A143 | O8: A152 | P8: 1 | Q8: A173 | R8: 1 | S8: A191 | T8: A201 | U8: Good
A9: A12 | B9: 36 | C9: A32 | D9: A41 | E9: 6948 | F9: A61 | G9: A73 | H9: 2 | I9: A93 | J9: A101 | K9: 2 | L9: A123 | M9: 35 | N9: A143 | O9: A151 | P9: 1 | Q9: A174 | R9: 1 | S9: A192 | T9: A201 | U9: Good
A10: A14 | B10: 12 | C10: A32 | D10: A43 | E10: 3059 | F10: A64 | G10: A74 | H10: 2 | I10: A91 | J10: A101 | K10: 4 | L10: A121 | M10: 61 | N10: A143 | O10: A152 | P10: 1 | Q10: A172 | R10: 1 | S10: A191 | T10: A201 | U10: Good
A11: A12 | B11: 30 | C11: A34 | D11: A40 | E11: 5234 | F11: A61 | G11: A71 | H11: 4 | I11: A94 | J11: A101 | K11: 2 | L11: A123 | M11: 28 | N11: A143 | O11: A152 | P11: 2 | Q11: A174 | R11: 1 | S11: A191 | T11: A201 | U11: Bad
A12: A12 | B12: 12 | C12: A32 | D12: A40 | E12: 1295 | F12: A61 | G12: A72 | H12: 3 | I12: A92 | J12: A101 | K12: 1 | L12: A123 | M12: 25 | N12: A143 | O12: A151 | P12: 1 | Q12: A173 | R12: 1 | S12: A191 | T12: A201 | U12: Bad
A13: A11 | B13: 48 | C13: A32 | D13: A49 | E13: 4308 | F13: A61 | G13: A72 | H13: 3 | I13: A92 | J13: A101 | K13: 4 | L13: A122 | M13: 24 | N13: A143 | O13: A151 | P13: 1 | Q13: A173 | R13: 1 | S13: A191 | T13: A201 | U13: Bad
... A1001: A12 | B1001: 45 | C1001: A34 | D1001: A41 | E1001: 4576 | F1001: A62 | G1001: A71 | H1001: 3 | I1001: A93 | J1001: A101 | K1001: 4 | L1001: A123 | M1001: 27 | N1001: A143 | O1001: A152 | P1001: 1 | Q1001: A173 | R1001: 1 | S1001: A191 | T1001: A201 | U1001: Good

Sheet Ger_credit_transform
A1: Status | B1: Duration | C1: CreditHistory | D1: Purpose | E1: Amount | F1: Savings | G1: Employment | H1: InstallmentRate | I1: PersonalStatus | J1: OtherDebtors | K1: ResidenceTime | L1: Property | M1: Age | N1: OtherInstallmentPlans | O1: Housing | P1: ExistingCredits | Q1: Job | R1: Dependents | S1: Telephone | T1: ForeignWorker | U1: CreditRisk | V1: StatusName | W1: PurposeName | X1: SavingsName | Y1: PersonalSatusName | Z1: JobName | AA1: HousingName
A2: A11 | B2: 6 | C2: A34 | D2: A43 | E2: 1169 | F2: A65 | G2: A75 | H2: 4 | I2: A93 | J2: A101 | K2: 4 | L2: A121 | M2: 67 | N2: A143 | O2: A152 | P2: 2 | Q2: A173 | R2: 1 | S2: A192 | T2: A201 | U2: Good | V2: =_xlfn.XLOOKUP(A2,Dictonary!$A$2:$A$5,Dictonary!$B$2:$B$5) -> Negative balance | W2: =_xlfn.XLOOKUP(D2,Dictonary!$D$2:$D$12,Dictonary!$E$2:$E$12) -> radio/television | X2: =_xlfn.XLOOKUP(F2,Dictonary!$G$2:$G$6,Dictonary!$H$2:$H$6) -> No information | Y2: =_xlfn.XLOOKUP(I2,Dictonary!$J$2:$J$6,Dictonary!$K$2:$K$6) -> male : single | Z2: =_xlfn.XLOOKUP(Q2,Dictonary!$M$2:$M$5,Dictonary!$N$2:$N$5) -> skilled employee / official | AA2: =_xlfn.XLOOKUP(O2,Dictonary!$P$2:$P$4,Dictonary!$Q$2:$Q$4) -> own
A3: A12 | B3: 48 | C3: A32 | D3: A43 | E3: 5951 | F3: A61 | G3: A73 | H3: 2 | I3: A92 | J3: A101 | K3: 2 | L3: A121 | M3: 22 | N3: A143 | O3: A152 | P3: 1 | Q3: A173 | R3: 1 | S3: A191 | T3: A201 | U3: Bad | V3: =_xlfn.XLOOKUP(A3,Dictonary!$A$2:$A$5,Dictonary!$B$2:$B$5) -> Low balance | W3: =_xlfn.XLOOKUP(D3,Dictonary!$D$2:$D$12,Dictonary!$E$2:$E$12) -> radio/television | X3: =_xlfn.XLOOKUP(F3,Dictonary!$G$2:$G$6,Dictonary!$H$2:$H$6) -> Less 100 | Y3: =_xlfn.XLOOKUP(I3,Dictonary!$J$2:$J$6,Dictonary!$K$2:$K$6) -> female : divorced/separated/married | Z3: =_xlfn.XLOOKUP(Q3,Dictonary!$M$2:$M$5,Dictonary!$N$2:$N$5) -> skilled employee / official | AA3: =_xlfn.XLOOKUP(O3,Dictonary!$P$2:$P$4,Dictonary!$Q$2:$Q$4) -> own
A4: A14 | B4: 12 | C4: A34 | D4: A46 | E4: 2096 | F4: A61 | G4: A74 | H4: 2 | I4: A93 | J4: A101 | K4: 3 | L4: A121 | M4: 49 | N4: A143 | O4: A152 | P4: 1 | Q4: A172 | R4: 2 | S4: A191 | T4: A201 | U4: Good | V4: =_xlfn.XLOOKUP(A4,Dictonary!$A$2:$A$5,Dictonary!$B$2:$B$5) -> No information | W4: =_xlfn.XLOOKUP(D4,Dictonary!$D$2:$D$12,Dictonary!$E$2:$E$12) -> education | X4: =_xlfn.XLOOKUP(F4,Dictonary!$G$2:$G$6,Dictonary!$H$2:$H$6) -> Less 100 | Y4: =_xlfn.XLOOKUP(I4,Dictonary!$J$2:$J$6,Dictonary!$K$2:$K$6) -> male : single | Z4: =_xlfn.XLOOKUP(Q4,Dictonary!$M$2:$M$5,Dictonary!$N$2:$N$5) -> unskilled - resident | AA4: =_xlfn.XLOOKUP(O4,Dictonary!$P$2:$P$4,Dictonary!$Q$2:$Q$4) -> own
A5: A11 | B5: 42 | C5: A32 | D5: A42 | E5: 7882 | F5: A61 | G5: A74 | H5: 2 | I5: A93 | J5: A103 | K5: 4 | L5: A122 | M5: 45 | N5: A143 | O5: A153 | P5: 1 | Q5: A173 | R5: 2 | S5: A191 | T5: A201 | U5: Good | V5: =_xlfn.XLOOKUP(A5,Dictonary!$A$2:$A$5,Dictonary!$B$2:$B$5) -> Negative balance | W5: =_xlfn.XLOOKUP(D5,Dictonary!$D$2:$D$12,Dictonary!$E$2:$E$12) -> furniture/equipment | X5: =_xlfn.XLOOKUP(F5,Dictonary!$G$2:$G$6,Dictonary!$H$2:$H$6) -> Less 100 | Y5: =_xlfn.XLOOKUP(I5,Dictonary!$J$2:$J$6,Dictonary!$K$2:$K$6) -> male : single | Z5: =_xlfn.XLOOKUP(Q5,Dictonary!$M$2:$M$5,Dictonary!$N$2:$N$5) -> skilled employee / official | AA5: =_xlfn.XLOOKUP(O5,Dictonary!$P$2:$P$4,Dictonary!$Q$2:$Q$4) -> for free
A6: A11 | B6: 24 | C6: A33 | D6: A40 | E6: 4870 | F6: A61 | G6: A73 | H6: 3 | I6: A93 | J6: A101 | K6: 4 | L6: A124 | M6: 53 | N6: A143 | O6: A153 | P6: 2 | Q6: A173 | R6: 2 | S6: A191 | T6: A201 | U6: Bad | V6: =_xlfn.XLOOKUP(A6,Dictonary!$A$2:$A$5,Dictonary!$B$2:$B$5) -> Negative balance | W6: =_xlfn.XLOOKUP(D6,Dictonary!$D$2:$D$12,Dictonary!$E$2:$E$12) -> car (new) | X6: =_xlfn.XLOOKUP(F6,Dictonary!$G$2:$G$6,Dictonary!$H$2:$H$6) -> Less 100 | Y6: =_xlfn.XLOOKUP(I6,Dictonary!$J$2:$J$6,Dictonary!$K$2:$K$6) -> male : single | Z6: =_xlfn.XLOOKUP(Q6,Dictonary!$M$2:$M$5,Dictonary!$N$2:$N$5) -> skilled employee / official | AA6: =_xlfn.XLOOKUP(O6,Dictonary!$P$2:$P$4,Dictonary!$Q$2:$Q$4) -> for free
A7: A14 | B7: 36 | C7: A32 | D7: A46 | E7: 9055 | F7: A65 | G7: A73 | H7: 2 | I7: A93 | J7: A101 | K7: 4 | L7: A124 | M7: 35 | N7: A143 | O7: A153 | P7: 1 | Q7: A172 | R7: 2 | S7: A192 | T7: A201 | U7: Good | V7: =_xlfn.XLOOKUP(A7,Dictonary!$A$2:$A$5,Dictonary!$B$2:$B$5) -> No information | W7: =_xlfn.XLOOKUP(D7,Dictonary!$D$2:$D$12,Dictonary!$E$2:$E$12) -> education | X7: =_xlfn.XLOOKUP(F7,Dictonary!$G$2:$G$6,Dictonary!$H$2:$H$6) -> No information | Y7: =_xlfn.XLOOKUP(I7,Dictonary!$J$2:$J$6,Dictonary!$K$2:$K$6) -> male : single | Z7: =_xlfn.XLOOKUP(Q7,Dictonary!$M$2:$M$5,Dictonary!$N$2:$N$5) -> unskilled - resident | AA7: =_xlfn.XLOOKUP(O7,Dictonary!$P$2:$P$4,Dictonary!$Q$2:$Q$4) -> for free
A8: A14 | B8: 24 | C8: A32 | D8: A42 | E8: 2835 | F8: A63 | G8: A75 | H8: 3 | I8: A93 | J8: A101 | K8: 4 | L8: A122 | M8: 53 | N8: A143 | O8: A152 | P8: 1 | Q8: A173 | R8: 1 | S8: A191 | T8: A201 | U8: Good | V8: =_xlfn.XLOOKUP(A8,Dictonary!$A$2:$A$5,Dictonary!$B$2:$B$5) -> No information | W8: =_xlfn.XLOOKUP(D8,Dictonary!$D$2:$D$12,Dictonary!$E$2:$E$12) -> furniture/equipment | X8: =_xlfn.XLOOKUP(F8,Dictonary!$G$2:$G$6,Dictonary!$H$2:$H$6) -> Up to 1000 | Y8: =_xlfn.XLOOKUP(I8,Dictonary!$J$2:$J$6,Dictonary!$K$2:$K$6) -> male : single | Z8: =_xlfn.XLOOKUP(Q8,Dictonary!$M$2:$M$5,Dictonary!$N$2:$N$5) -> skilled employee / official | AA8: =_xlfn.XLOOKUP(O8,Dictonary!$P$2:$P$4,Dictonary!$Q$2:$Q$4) -> own
A9: A12 | B9: 36 | C9: A32 | D9: A41 | E9: 6948 | F9: A61 | G9: A73 | H9: 2 | I9: A93 | J9: A101 | K9: 2 | L9: A123 | M9: 35 | N9: A143 | O9: A151 | P9: 1 | Q9: A174 | R9: 1 | S9: A192 | T9: A201 | U9: Good | V9: =_xlfn.XLOOKUP(A9,Dictonary!$A$2:$A$5,Dictonary!$B$2:$B$5) -> Low balance | W9: =_xlfn.XLOOKUP(D9,Dictonary!$D$2:$D$12,Dictonary!$E$2:$E$12) -> car (used) | X9: =_xlfn.XLOOKUP(F9,Dictonary!$G$2:$G$6,Dictonary!$H$2:$H$6) -> Less 100 | Y9: =_xlfn.XLOOKUP(I9,Dictonary!$J$2:$J$6,Dictonary!$K$2:$K$6) -> male : single | Z9: =_xlfn.XLOOKUP(Q9,Dictonary!$M$2:$M$5,Dictonary!$N$2:$N$5) -> management/ self-employed/ highly qualified employee/ officer | AA9: =_xlfn.XLOOKUP(O9,Dictonary!$P$2:$P$4,Dictonary!$Q$2:$Q$4) -> rent
A10: A14 | B10: 12 | C10: A32 | D10: A43 | E10: 3059 | F10: A64 | G10: A74 | H10: 2 | I10: A91 | J10: A101 | K10: 4 | L10: A121 | M10: 61 | N10: A143 | O10: A152 | P10: 1 | Q10: A172 | R10: 1 | S10: A191 | T10: A201 | U10: Good | V10: =_xlfn.XLOOKUP(A10,Dictonary!$A$2:$A$5,Dictonary!$B$2:$B$5) -> No information | W10: =_xlfn.XLOOKUP(D10,Dictonary!$D$2:$D$12,Dictonary!$E$2:$E$12) -> radio/television | X10: =_xlfn.XLOOKUP(F10,Dictonary!$G$2:$G$6,Dictonary!$H$2:$H$6) -> More 1000 | Y10: =_xlfn.XLOOKUP(I10,Dictonary!$J$2:$J$6,Dictonary!$K$2:$K$6) -> male : divorced/separated | Z10: =_xlfn.XLOOKUP(Q10,Dictonary!$M$2:$M$5,Dictonary!$N$2:$N$5) -> unskilled - resident | AA10: =_xlfn.XLOOKUP(O10,Dictonary!$P$2:$P$4,Dictonary!$Q$2:$Q$4) -> own
A11: A12 | B11: 30 | C11: A34 | D11: A40 | E11: 5234 | F11: A61 | G11: A71 | H11: 4 | I11: A94 | J11: A101 | K11: 2 | L11: A123 | M11: 28 | N11: A143 | O11: A152 | P11: 2 | Q11: A174 | R11: 1 | S11: A191 | T11: A201 | U11: Bad | V11: =_xlfn.XLOOKUP(A11,Dictonary!$A$2:$A$5,Dictonary!$B$2:$B$5) -> Low balance | W11: =_xlfn.XLOOKUP(D11,Dictonary!$D$2:$D$12,Dictonary!$E$2:$E$12) -> car (new) | X11: =_xlfn.XLOOKUP(F11,Dictonary!$G$2:$G$6,Dictonary!$H$2:$H$6) -> Less 100 | Y11: =_xlfn.XLOOKUP(I11,Dictonary!$J$2:$J$6,Dictonary!$K$2:$K$6) -> male : married/widowed | Z11: =_xlfn.XLOOKUP(Q11,Dictonary!$M$2:$M$5,Dictonary!$N$2:$N$5) -> management/ self-employed/ highly qualified employee/ officer | AA11: =_xlfn.XLOOKUP(O11,Dictonary!$P$2:$P$4,Dictonary!$Q$2:$Q$4) -> own
A12: A12 | B12: 12 | C12: A32 | D12: A40 | E12: 1295 | F12: A61 | G12: A72 | H12: 3 | I12: A92 | J12: A101 | K12: 1 | L12: A123 | M12: 25 | N12: A143 | O12: A151 | P12: 1 | Q12: A173 | R12: 1 | S12: A191 | T12: A201 | U12: Bad | V12: =_xlfn.XLOOKUP(A12,Dictonary!$A$2:$A$5,Dictonary!$B$2:$B$5) -> Low balance | W12: =_xlfn.XLOOKUP(D12,Dictonary!$D$2:$D$12,Dictonary!$E$2:$E$12) -> car (new) | X12: =_xlfn.XLOOKUP(F12,Dictonary!$G$2:$G$6,Dictonary!$H$2:$H$6) -> Less 100 | Y12: =_xlfn.XLOOKUP(I12,Dictonary!$J$2:$J$6,Dictonary!$K$2:$K$6) -> female : divorced/separated/married | Z12: =_xlfn.XLOOKUP(Q12,Dictonary!$M$2:$M$5,Dictonary!$N$2:$N$5) -> skilled employee / official | AA12: =_xlfn.XLOOKUP(O12,Dictonary!$P$2:$P$4,Dictonary!$Q$2:$Q$4) -> rent
A13: A11 | B13: 48 | C13: A32 | D13: A49 | E13: 4308 | F13: A61 | G13: A72 | H13: 3 | I13: A92 | J13: A101 | K13: 4 | L13: A122 | M13: 24 | N13: A143 | O13: A151 | P13: 1 | Q13: A173 | R13: 1 | S13: A191 | T13: A201 | U13: Bad | V13: =_xlfn.XLOOKUP(A13,Dictonary!$A$2:$A$5,Dictonary!$B$2:$B$5) -> Negative balance | W13: =_xlfn.XLOOKUP(D13,Dictonary!$D$2:$D$12,Dictonary!$E$2:$E$12) -> business | X13: =_xlfn.XLOOKUP(F13,Dictonary!$G$2:$G$6,Dictonary!$H$2:$H$6) -> Less 100 | Y13: =_xlfn.XLOOKUP(I13,Dictonary!$J$2:$J$6,Dictonary!$K$2:$K$6) -> female : divorced/separated/married | Z13: =_xlfn.XLOOKUP(Q13,Dictonary!$M$2:$M$5,Dictonary!$N$2:$N$5) -> skilled employee / official | AA13: =_xlfn.XLOOKUP(O13,Dictonary!$P$2:$P$4,Dictonary!$Q$2:$Q$4) -> rent
... A1001: A12 | B1001: 45 | C1001: A34 | D1001: A41 | E1001: 4576 | F1001: A62 | G1001: A71 | H1001: 3 | I1001: A93 | J1001: A101 | K1001: 4 | L1001: A123 | M1001: 27 | N1001: A143 | O1001: A152 | P1001: 1 | Q1001: A173 | R1001: 1 | S1001: A191 | T1001: A201 | U1001: Good | V1001: =_xlfn.XLOOKUP(A1001,Dictonary!$A$2:$A$5,Dictonary!$B$2:$B$5) -> Low balance | W1001: =_xlfn.XLOOKUP(D1001,Dictonary!$D$2:$D$12,Dictonary!$E$2:$E$12) -> car (used) | X1001: =_xlfn.XLOOKUP(F1001,Dictonary!$G$2:$G$6,Dictonary!$H$2:$H$6) -> Up to 500 | Y1001: =_xlfn.XLOOKUP(I1001,Dictonary!$J$2:$J$6,Dictonary!$K$2:$K$6) -> male : single | Z1001: =_xlfn.XLOOKUP(Q1001,Dictonary!$M$2:$M$5,Dictonary!$N$2:$N$5) -> skilled employee / official | AA1001: =_xlfn.XLOOKUP(O1001,Dictonary!$P$2:$P$4,Dictonary!$Q$2:$Q$4) -> own

Sheet Dictonary
A1: StatusCode | B1: Status | D1: PurposeCode | E1: Purpose | G1: SavingsCode | H1: Savings | J1: PersonalStatusCode | K1: PersonalStatus | M1: JobCode | N1: Job | P1: HousingCode | Q1: Housing
A2: A11 | B2: Negative balance | D2: A40 | E2: car (new) | G2: A61 | H2: Less 100 | J2: A91 | K2: male : divorced/separated | M2: A171 | N2: unemployed/ unskilled - non-resident | P2: A151 | Q2: rent
A3: A12 | B3: Low balance | D3: A41 | E3: car (used) | G3: A62 | H3: Up to 500 | J3: A92 | K3: female : divorced/separated/married | M3: A172 | N3: unskilled - resident | P3: A152 | Q3: own
A4: A13 | B4: Normal balance | D4: A42 | E4: furniture/equipment | G4: A63 | H4: Up to 1000 | J4: A93 | K4: male : single | M4: A173 | N4: skilled employee / official | P4: A153 | Q4: for free
A5: A14 | B5: No information | D5: A43 | E5: radio/television | G5: A64 | H5: More 1000 | J5: A94 | K5: male : married/widowed | M5: A174 | N5: management/ self-employed/ highly qualified employee/ officer
D6: A44 | E6: domestic appliances | G6: A65 | H6: No information | J6: A95 | K6: female : single
D7: A45 | E7: repairs
D8: A46 | E8: education
D9: A47 | E9: vacation
D10: A48 | E10: retraining
D11: A49 | E11: business
D12: A410 | E12: others

Sheet Ger_credit_clean_data
A1: CreditRisk | B1: StatusName | C1: PurposeName | D1: SavingsName | E1: PersonalSatusName | F1: FamilyStatus | G1: JobName | H1: HousingName | I1: Duration | J1: Amount | K1: Age | L1: AmountCategory | M1: TermType | N1: ClientPriority | O1: AmountDefolt
A2: Bad | B2: Low balance | C2: radio/television | D2: Less 100 | E2: female | F2: divorced/separated/married | G2: skilled employee / official | H2: own | I2: 48 | J2: 5951 | K2: 22 | L2: {=_xlfn.IFS(J2>5000,"Hight",J2>2000,"Medium",TRUE,"Low")} -> Hight | M2: {=_xlfn.IFS(I2<12,"Low-Term",I2>=36,"Long-Term",TRUE,"Medium-Term")} -> Long-Term | N2: {=_xlfn.IFS(A2="Bad", "Review Required", AND(A2="Good",J2>7000),"VIP Client", AND(A2="Good", J2<=7000),"Standart Client")} -> Review Required | O2: 5951
A3: Bad | B3: Negative balance | C3: car (new) | D3: Less 100 | E3: male | F3: single | G3: skilled employee / official | H3: for free | I3: 24 | J3: 4870 | K3: 53 | L3: {=_xlfn.IFS(J3>5000,"Hight",J3>2000,"Medium",TRUE,"Low")} -> Medium | M3: {=_xlfn.IFS(I3<12,"Low-Term",I3>=36,"Long-Term",TRUE,"Medium-Term")} -> Medium-Term | N3: {=_xlfn.IFS(A3="Bad", "Review Required", AND(A3="Good",J3>7000),"VIP Client", AND(A3="Good", J3<=7000),"Standart Client")} -> Review Required | O3: 4870
A4: Bad | B4: Low balance | C4: car (new) | D4: Less 100 | E4: male | F4: married/widowed | G4: management/ self-employed/ highly qualified employee/ officer | H4: own | I4: 30 | J4: 5234 | K4: 28 | L4: {=_xlfn.IFS(J4>5000,"Hight",J4>2000,"Medium",TRUE,"Low")} -> Hight | M4: {=_xlfn.IFS(I4<12,"Low-Term",I4>=36,"Long-Term",TRUE,"Medium-Term")} -> Medium-Term | N4: {=_xlfn.IFS(A4="Bad", "Review Required", AND(A4="Good",J4>7000),"VIP Client", AND(A4="Good", J4<=7000),"Standart Client")} -> Review Required | O4: 5234
A5: Bad | B5: Low balance | C5: car (new) | D5: Less 100 | E5: female | F5: divorced/separated/married | G5: skilled employee / official | H5: rent | I5: 12 | J5: 1295 | K5: 25 | L5: {=_xlfn.IFS(J5>5000,"Hight",J5>2000,"Medium",TRUE,"Low")} -> Low | M5: {=_xlfn.IFS(I5<12,"Low-Term",I5>=36,"Long-Term",TRUE,"Medium-Term")} -> Medium-Term | N5: {=_xlfn.IFS(A5="Bad", "Review Required", AND(A5="Good",J5>7000),"VIP Client", AND(A5="Good", J5<=7000),"Standart Client")} -> Review Required | O5: 1295
A6: Bad | B6: Negative balance | C6: business | D6: Less 100 | E6: female | F6: divorced/separated/married | G6: skilled employee / official | H6: rent | I6: 48 | J6: 4308 | K6: 24 | L6: {=_xlfn.IFS(J6>5000,"Hight",J6>2000,"Medium",TRUE,"Low")} -> Medium | M6: {=_xlfn.IFS(I6<12,"Low-Term",I6>=36,"Long-Term",TRUE,"Medium-Term")} -> Long-Term | N6: {=_xlfn.IFS(A6="Bad", "Review Required", AND(A6="Good",J6>7000),"VIP Client", AND(A6="Good", J6<=7000),"Standart Client")} -> Review Required | O6: 4308
A7: Bad | B7: Negative balance | C7: car (new) | D7: Less 100 | E7: male | F7: single | G7: unskilled - resident | H7: own | I7: 24 | J7: 1199 | K7: 60 | L7: {=_xlfn.IFS(J7>5000,"Hight",J7>2000,"Medium",TRUE,"Low")} -> Low | M7: {=_xlfn.IFS(I7<12,"Low-Term",I7>=36,"Long-Term",TRUE,"Medium-Term")} -> Medium-Term | N7: {=_xlfn.IFS(A7="Bad", "Review Required", AND(A7="Good",J7>7000),"VIP Client", AND(A7="Good", J7<=7000),"Standart Client")} -> Review Required | O7: 1199
A8: Bad | B8: Negative balance | C8: radio/television | D8: Up to 500 | E8: female | F8: divorced/separated/married | G8: unskilled - resident | H8: own | I8: 24 | J8: 1282 | K8: 32 | L8: {=_xlfn.IFS(J8>5000,"Hight",J8>2000,"Medium",TRUE,"Low")} -> Low | M8: {=_xlfn.IFS(I8<12,"Low-Term",I8>=36,"Long-Term",TRUE,"Medium-Term")} -> Medium-Term | N8: {=_xlfn.IFS(A8="Bad", "Review Required", AND(A8="Good",J8>7000),"VIP Client", AND(A8="Good", J8<=7000),"Standart Client")} -> Review Required | O8: 1282
A9: Bad | B9: Low balance | C9: car (used) | D9: Less 100 | E9: female | F9: divorced/separated/married | G9: management/ self-employed/ highly qualified employee/ officer | H9: for free | I9: 24 | J9: 12579 | K9: 44 | L9: {=_xlfn.IFS(J9>5000,"Hight",J9>2000,"Medium",TRUE,"Low")} -> Hight | M9: {=_xlfn.IFS(I9<12,"Low-Term",I9>=36,"Long-Term",TRUE,"Medium-Term")} -> Medium-Term | N9: {=_xlfn.IFS(A9="Bad", "Review Required", AND(A9="Good",J9>7000),"VIP Client", AND(A9="Good", J9<=7000),"Standart Client")} -> Review Required | O9: 12579
A10: Bad | B10: Negative balance | C10: business | D10: Less 100 | E10: male | F10: single | G10: skilled employee / official | H10: own | I10: 60 | J10: 6836 | K10: 63 | L10: {=_xlfn.IFS(J10>5000,"Hight",J10>2000,"Medium",TRUE,"Low")} -> Hight | M10: {=_xlfn.IFS(I10<12,"Low-Term",I10>=36,"Long-Term",TRUE,"Medium-Term")} -> Long-Term | N10: {=_xlfn.IFS(A10="Bad", "Review Required", AND(A10="Good",J10>7000),"VIP Client", AND(A10="Good", J10<=7000),"Standart Client")} -> Review Required | O10: 6836
A11: Bad | B11: Low balance | C11: radio/television | D11: Less 100 | E11: male | F11: single | G11: unskilled - resident | H11: own | I11: 45 | J11: 4746 | K11: 25 | L11: {=_xlfn.IFS(J11>5000,"Hight",J11>2000,"Medium",TRUE,"Low")} -> Medium | M11: {=_xlfn.IFS(I11<12,"Low-Term",I11>=36,"Long-Term",TRUE,"Medium-Term")} -> Long-Term | N11: {=_xlfn.IFS(A11="Bad", "Review Required", AND(A11="Good",J11>7000),"VIP Client", AND(A11="Good", J11<=7000),"Standart Client")} -> Review Required | O11: 4746
A12: Bad | B12: Normal balance | C12: radio/television | D12: Less 100 | E12: male | F12: single | G12: skilled employee / official | H12: own | I12: 18 | J12: 2100 | K12: 37 | L12: {=_xlfn.IFS(J12>5000,"Hight",J12>2000,"Medium",TRUE,"Low")} -> Medium | M12: {=_xlfn.IFS(I12<12,"Low-Term",I12>=36,"Long-Term",TRUE,"Medium-Term")} -> Medium-Term | N12: {=_xlfn.IFS(A12="Bad", "Review Required", AND(A12="Good",J12>7000),"VIP Client", AND(A12="Good", J12<=7000),"Standart Client")} -> Review Required | O12: 2100
A13: Bad | B13: Negative balance | C13: car (used) | D13: Less 100 | E13: female | F13: divorced/separated/married | G13: unskilled - resident | H13: for free | I13: 48 | J13: 6143 | K13: 58 | L13: {=_xlfn.IFS(J13>5000,"Hight",J13>2000,"Medium",TRUE,"Low")} -> Hight | M13: {=_xlfn.IFS(I13<12,"Low-Term",I13>=36,"Long-Term",TRUE,"Medium-Term")} -> Long-Term | N13: {=_xlfn.IFS(A13="Bad", "Review Required", AND(A13="Good",J13>7000),"VIP Client", AND(A13="Good", J13<=7000),"Standart Client")} -> Review Required | O13: 6143
... A301: Bad | B301: Negative balance | C301: radio/television | D301: Less 100 | E301: male | F301: single | G301: skilled employee / official | H301: for free | I301: 45 | J301: 1845 | K301: 23 | L301: {=_xlfn.IFS(J301>5000,"Hight",J301>2000,"Medium",TRUE,"Low")} -> Low | M301: {=_xlfn.IFS(I301<12,"Low-Term",I301>=36,"Long-Term",TRUE,"Medium-Term")} -> Long-Term | N301: {=_xlfn.IFS(A301="Bad", "Review Required", AND(A301="Good",J301>7000),"VIP Client", AND(A301="Good", J301<=7000),"Standart Client")} -> Review Required | O301: 1845
A302: Good | B302: Negative balance | C302: radio/television | D302: No information | E302: male | F302: single | G302: skilled employee / official | H302: own | I302: 6 | J302: 1169 | K302: 67 | L302: {=_xlfn.IFS(J302>5000,"Hight",J302>2000,"Medium",TRUE,"Low")} -> Low | M302: {=_xlfn.IFS(I302<12,"Low-Term",I302>=36,"Long-Term",TRUE,"Medium-Term")} -> Low-Term | N302: {=_xlfn.IFS(A302="Bad", "Review Required", AND(A302="Good",J302>7000),"VIP Client", AND(A302="Good", J302<=7000),"Standart Client")} -> Standart Client
A303: Good | B303: No information | C303: education | D303: Less 100 | E303: male | F303: single | G303: unskilled - resident | H303: own | I303: 12 | J303: 2096 | K303: 49 | L303: {=_xlfn.IFS(J303>5000,"Hight",J303>2000,"Medium",TRUE,"Low")} -> Medium | M303: {=_xlfn.IFS(I303<12,"Low-Term",I303>=36,"Long-Term",TRUE,"Medium-Term")} -> Medium-Term | N303: {=_xlfn.IFS(A303="Bad", "Review Required", AND(A303="Good",J303>7000),"VIP Client", AND(A303="Good", J303<=7000),"Standart Client")} -> Standart Client
A304: Good | B304: Negative balance | C304: furniture/equipment | D304: Less 100 | E304: male | F304: single | G304: skilled employee / official | H304: for free | I304: 42 | J304: 7882 | K304: 45 | L304: {=_xlfn.IFS(J304>5000,"Hight",J304>2000,"Medium",TRUE,"Low")} -> Hight | M304: {=_xlfn.IFS(I304<12,"Low-Term",I304>=36,"Long-Term",TRUE,"Medium-Term")} -> Long-Term | N304: {=_xlfn.IFS(A304="Bad", "Review Required", AND(A304="Good",J304>7000),"VIP Client", AND(A304="Good", J304<=7000),"Standart Client")} -> VIP Client
A305: Good | B305: No information | C305: education | D305: No information | E305: male | F305: single | G305: unskilled - resident | H305: for free | I305: 36 | J305: 9055 | K305: 35 | L305: {=_xlfn.IFS(J305>5000,"Hight",J305>2000,"Medium",TRUE,"Low")} -> Hight | M305: {=_xlfn.IFS(I305<12,"Low-Term",I305>=36,"Long-Term",TRUE,"Medium-Term")} -> Long-Term | N305: {=_xlfn.IFS(A305="Bad", "Review Required", AND(A305="Good",J305>7000),"VIP Client", AND(A305="Good", J305<=7000),"Standart Client")} -> VIP Client
A306: Good | B306: No information | C306: furniture/equipment | D306: Up to 1000 | E306: male | F306: single | G306: skilled employee / official | H306: own | I306: 24 | J306: 2835 | K306: 53 | L306: {=_xlfn.IFS(J306>5000,"Hight",J306>2000,"Medium",TRUE,"Low")} -> Medium | M306: {=_xlfn.IFS(I306<12,"Low-Term",I306>=36,"Long-Term",TRUE,"Medium-Term")} -> Medium-Term | N306: {=_xlfn.IFS(A306="Bad", "Review Required", AND(A306="Good",J306>7000),"VIP Client", AND(A306="Good", J306<=7000),"Standart Client")} -> Standart Client
A307: Good | B307: Low balance | C307: car (used) | D307: Less 100 | E307: male | F307: single | G307: management/ self-employed/ highly qualified employee/ officer | H307: rent | I307: 36 | J307: 6948 | K307: 35 | L307: {=_xlfn.IFS(J307>5000,"Hight",J307>2000,"Medium",TRUE,"Low")} -> Hight | M307: {=_xlfn.IFS(I307<12,"Low-Term",I307>=36,"Long-Term",TRUE,"Medium-Term")} -> Long-Term | N307: {=_xlfn.IFS(A307="Bad", "Review Required", AND(A307="Good",J307>7000),"VIP Client", AND(A307="Good", J307<=7000),"Standart Client")} -> Standart Client
A308: Good | B308: No information | C308: radio/television | D308: More 1000 | E308: male | F308: divorced/separated | G308: unskilled - resident | H308: own | I308: 12 | J308: 3059 | K308: 61 | L308: {=_xlfn.IFS(J308>5000,"Hight",J308>2000,"Medium",TRUE,"Low")} -> Medium | M308: {=_xlfn.IFS(I308<12,"Low-Term",I308>=36,"Long-Term",TRUE,"Medium-Term")} -> Medium-Term | N308: {=_xlfn.IFS(A308="Bad", "Review Required", AND(A308="Good",J308>7000),"VIP Client", AND(A308="Good", J308<=7000),"Standart Client")} -> Standart Client
A309: Good | B309: Low balance | C309: radio/television | D309: Less 100 | E309: female | F309: divorced/separated/married | G309: skilled employee / official | H309: own | I309: 12 | J309: 1567 | K309: 22 | L309: {=_xlfn.IFS(J309>5000,"Hight",J309>2000,"Medium",TRUE,"Low")} -> Low | M309: {=_xlfn.IFS(I309<12,"Low-Term",I309>=36,"Long-Term",TRUE,"Medium-Term")} -> Medium-Term | N309: {=_xlfn.IFS(A309="Bad", "Review Required", AND(A309="Good",J309>7000),"VIP Client", AND(A309="Good", J309<=7000),"Standart Client")} -> Standart Client
A310: Good | B310: Negative balance | C310: car (new) | D310: Less 100 | E310: female | F310: divorced/separated/married | G310: skilled employee / official | H310: rent | I310: 15 | J310: 1403 | K310: 28 | L310: {=_xlfn.IFS(J310>5000,"Hight",J310>2000,"Medium",TRUE,"Low")} -> Low | M310: {=_xlfn.IFS(I310<12,"Low-Term",I310>=36,"Long-Term",TRUE,"Medium-Term")} -> Medium-Term | N310: {=_xlfn.IFS(A310="Bad", "Review Required", AND(A310="Good",J310>7000),"VIP Client", AND(A310="Good", J310<=7000),"Standart Client")} -> Standart Client
A311: Good | B311: No information | C311: radio/television | D311: No information | E311: male | F311: single | G311: skilled employee / official | H311: own | I311: 24 | J311: 2424 | K311: 53 | L311: {=_xlfn.IFS(J311>5000,"Hight",J311>2000,"Medium",TRUE,"Low")} -> Medium | M311: {=_xlfn.IFS(I311<12,"Low-Term",I311>=36,"Long-Term",TRUE,"Medium-Term")} -> Medium-Term | N311: {=_xlfn.IFS(A311="Bad", "Review Required", AND(A311="Good",J311>7000),"VIP Client", AND(A311="Good", J311<=7000),"Standart Client")} -> Standart Client
A312: Good | B312: Negative balance | C312: business | D312: No information | E312: male | F312: single | G312: skilled employee / official | H312: own | I312: 30 | J312: 8072 | K312: 25 | L312: {=_xlfn.IFS(J312>5000,"Hight",J312>2000,"Medium",TRUE,"Low")} -> Hight | M312: {=_xlfn.IFS(I312<12,"Low-Term",I312>=36,"Long-Term",TRUE,"Medium-Term")} -> Medium-Term | N312: {=_xlfn.IFS(A312="Bad", "Review Required", AND(A312="Good",J312>7000),"VIP Client", AND(A312="Good", J312<=7000),"Standart Client")} -> VIP Client
A313: Good | B313: No information | C313: radio/television | D313: Up to 1000 | E313: male | F313: single | G313: skilled employee / official | H313: own | I313: 24 | J313: 3430 | K313: 31 | L313: {=_xlfn.IFS(J313>5000,"Hight",J313>2000,"Medium",TRUE,"Low")} -> Medium | M313: {=_xlfn.IFS(I313<12,"Low-Term",I313>=36,"Long-Term",TRUE,"Medium-Term")} -> Medium-Term | N313: {=_xlfn.IFS(A313="Bad", "Review Required", AND(A313="Good",J313>7000),"VIP Client", AND(A313="Good", J313<=7000),"Standart Client")} -> Standart Client
... A1001: Good | B1001: Low balance | C1001: car (used) | D1001: Up to 500 | E1001: male | F1001: single | G1001: skilled employee / official | H1001: own | I1001: 45 | J1001: 4576 | K1001: 27 | L1001: {=_xlfn.IFS(J1001>5000,"Hight",J1001>2000,"Medium",TRUE,"Low")} -> Medium | M1001: {=_xlfn.IFS(I1001<12,"Low-Term",I1001>=36,"Long-Term",TRUE,"Medium-Term")} -> Long-Term | N1001: {=_xlfn.IFS(A1001="Bad", "Review Required", AND(A1001="Good",J1001>7000),"VIP Client", AND(A1001="Good", J1001<=7000),"Standart Client")} -> Standart Client

Sheet PivotTables
A1: PersonalSatusName | B1: male | D1: JobName | E1: unskilled - resident | G1: AmountCategory | H1: Hight
D2: HousingName | E2: rent
A3: Purpose | B3: AVG Loan Amount | G3: Позначки рядків | H3: AVG Amount | I3: AVG Duration | J3: AVG Age
A4: business | B4: 4392.5256 | D4: Status Name | E4: SUM Defolt% | G4: Review Required | H4: 8962.7308 | I4: 36.269231 | J4: 37.461538
A5: car (new) | B5: 3289.872 | D5: Low balance | E5: 0.5447005 | G5: business | H5: 9684.5385 | I5: 43.153846 | J5: 38.769231
A6: car (used) | B6: 5235.2911 | D6: Negative balance | E6: 0.50058743 | G6: car (new) | H6: 9432.5789 | I6: 31.210526 | J6: 37.368421
A7: domestic appliances | B7: 1586.1667 | D7: No information | E7: 0.42040172 | G7: car (used) | H7: 9085.1429 | I7: 32.785714 | J7: 41.071429
A8: education | B8: 3899.1724 | D8: Normal balance | E8: 0 | G8: education | H8: 7679 | I8: 42.666667 | J8: 36.666667
A9: furniture/equipment | B9: 3269.1121 | D9: Загальний підсумок | E9: 0.46954298 | G9: furniture/equipment | H9: 7515.9167 | I9: 35 | J9: 35.583333
A10: others | B10: 7061.2222 | G10: others | H10: 14118 | I10: 39 | J10: 40
A11: radio/television | B11: 2525.6359 | G11: radio/television | H11: 6894.2222 | I11: 39.333333 | J11: 32.444444
A12: repairs | B12: 2905.0588 | G12: repairs | H12: 11998 | I12: 30 | J12: 34
A13: retraining | B13: 930 | G13: Standart Client | H13: 5963.3455 | I13: 27.454545 | J13: 35.909091
A14: Загальний підсумок | B14: 3448.0406 | G14: business | H14: 6202.75 | I14: 34.875 | J14: 32.75
G15: car (new) | H15: 5975.2222 | I15: 22 | J15: 37
G16: car (used) | H16: 6106.7647 | I16: 27.411765 | J16: 37.823529
A17: SUM Amount | B17: =SUM(Ger_credit_clean_data!J2:J301) -> 1181438 | G17: education | H17: 5926.5 | I17: 36 | J17: 27.5
A18: SUM DefoltAmount | B18: =SUM(Таблиця3[Amount]) -> 3271258 | G18: furniture/equipment | H18: 5638.8 | I18: 22.8 | J18: 35.2
A19: General Defolt % | B19: =B17/B18*100 -> 36.115708 | G19: others | H19: 5847.5 | I19: 36 | J19: 33.5
G20: radio/television | H20: 5791.8889 | I20: 26.666667 | J20: 33.666667
G21: repairs | H21: 5633.6667 | I21: 23 | J21: 45.333333
G22: VIP Client | H22: 9229.8545 | I22: 37.763636 | J22: 37.163636
G23: business | H23: 9034.2 | I23: 39.6 | J23: 37.4
G24: car (new) | H24: 9297.1667 | I24: 36.666667 | J24: 42.083333
G25: car (used) | H25: 8697.6111 | I25: 32.944444 | J25: 38.388889
G26: education | H26: 9190.5 | I26: 35.25 | J26: 35
G27: furniture/equipment | H27: 8966.8 | I27: 31.8 | J27: 37
G28: others | H28: 11719.5 | I28: 42 | J28: 37
G29: radio/television | H29: 9923.6667 | I29: 51.333333 | J29: 29.111111
G30: Загальний підсумок | H30: 8163.3989 | I30: 34.12766 | J30: 36.920213
